-- ============================================================
-- GRIPIT GOLF - SEED DATA
-- Donegal Masters 2026 (Trip 1)
-- ============================================================

-- TRIP
INSERT INTO trips (id, name, slug, status, start_date, end_date) VALUES
  ('aaaaaaaa-0000-0000-0000-000000000001', 'Donegal Masters 2026', 'donegal-masters-2026', 'upcoming', '2026-04-17', '2026-04-19');

-- COURSES
INSERT INTO courses (id, trip_id, name, slug, location) VALUES
  ('bbbbbbbb-0000-0000-0000-000000000001', 'aaaaaaaa-0000-0000-0000-000000000001', 'Old Tom Morris', 'old-tom-morris', 'Rosapenna Resort, Co. Donegal'),
  ('bbbbbbbb-0000-0000-0000-000000000002', 'aaaaaaaa-0000-0000-0000-000000000001', 'St Patricks Links', 'st-patricks-links', 'Rosapenna Resort, Co. Donegal'),
  ('bbbbbbbb-0000-0000-0000-000000000003', 'aaaaaaaa-0000-0000-0000-000000000001', 'Sandy Hills', 'sandy-hills', 'Rosapenna Resort, Co. Donegal');

-- HOLES (placeholder: all par 4, stroke index 1-18)
-- Old Tom Morris
INSERT INTO holes (course_id, hole_number, par, stroke_index) VALUES
  ('bbbbbbbb-0000-0000-0000-000000000001',  1, 4,  1),
  ('bbbbbbbb-0000-0000-0000-000000000001',  2, 4,  2),
  ('bbbbbbbb-0000-0000-0000-000000000001',  3, 4,  3),
  ('bbbbbbbb-0000-0000-0000-000000000001',  4, 4,  4),
  ('bbbbbbbb-0000-0000-0000-000000000001',  5, 4,  5),
  ('bbbbbbbb-0000-0000-0000-000000000001',  6, 4,  6),
  ('bbbbbbbb-0000-0000-0000-000000000001',  7, 4,  7),
  ('bbbbbbbb-0000-0000-0000-000000000001',  8, 4,  8),
  ('bbbbbbbb-0000-0000-0000-000000000001',  9, 4,  9),
  ('bbbbbbbb-0000-0000-0000-000000000001', 10, 4, 10),
  ('bbbbbbbb-0000-0000-0000-000000000001', 11, 4, 11),
  ('bbbbbbbb-0000-0000-0000-000000000001', 12, 4, 12),
  ('bbbbbbbb-0000-0000-0000-000000000001', 13, 4, 13),
  ('bbbbbbbb-0000-0000-0000-000000000001', 14, 4, 14),
  ('bbbbbbbb-0000-0000-0000-000000000001', 15, 4, 15),
  ('bbbbbbbb-0000-0000-0000-000000000001', 16, 4, 16),
  ('bbbbbbbb-0000-0000-0000-000000000001', 17, 4, 17),
  ('bbbbbbbb-0000-0000-0000-000000000001', 18, 4, 18);

-- St Patricks Links
INSERT INTO holes (course_id, hole_number, par, stroke_index) VALUES
  ('bbbbbbbb-0000-0000-0000-000000000002',  1, 4,  1),
  ('bbbbbbbb-0000-0000-0000-000000000002',  2, 4,  2),
  ('bbbbbbbb-0000-0000-0000-000000000002',  3, 4,  3),
  ('bbbbbbbb-0000-0000-0000-000000000002',  4, 4,  4),
  ('bbbbbbbb-0000-0000-0000-000000000002',  5, 4,  5),
  ('bbbbbbbb-0000-0000-0000-000000000002',  6, 4,  6),
  ('bbbbbbbb-0000-0000-0000-000000000002',  7, 4,  7),
  ('bbbbbbbb-0000-0000-0000-000000000002',  8, 4,  8),
  ('bbbbbbbb-0000-0000-0000-000000000002',  9, 4,  9),
  ('bbbbbbbb-0000-0000-0000-000000000002', 10, 4, 10),
  ('bbbbbbbb-0000-0000-0000-000000000002', 11, 4, 11),
  ('bbbbbbbb-0000-0000-0000-000000000002', 12, 4, 12),
  ('bbbbbbbb-0000-0000-0000-000000000002', 13, 4, 13),
  ('bbbbbbbb-0000-0000-0000-000000000002', 14, 4, 14),
  ('bbbbbbbb-0000-0000-0000-000000000002', 15, 4, 15),
  ('bbbbbbbb-0000-0000-0000-000000000002', 16, 4, 16),
  ('bbbbbbbb-0000-0000-0000-000000000002', 17, 4, 17),
  ('bbbbbbbb-0000-0000-0000-000000000002', 18, 4, 18);

-- Sandy Hills
INSERT INTO holes (course_id, hole_number, par, stroke_index) VALUES
  ('bbbbbbbb-0000-0000-0000-000000000003',  1, 4,  1),
  ('bbbbbbbb-0000-0000-0000-000000000003',  2, 4,  2),
  ('bbbbbbbb-0000-0000-0000-000000000003',  3, 4,  3),
  ('bbbbbbbb-0000-0000-0000-000000000003',  4, 4,  4),
  ('bbbbbbbb-0000-0000-0000-000000000003',  5, 4,  5),
  ('bbbbbbbb-0000-0000-0000-000000000003',  6, 4,  6),
  ('bbbbbbbb-0000-0000-0000-000000000003',  7, 4,  7),
  ('bbbbbbbb-0000-0000-0000-000000000003',  8, 4,  8),
  ('bbbbbbbb-0000-0000-0000-000000000003',  9, 4,  9),
  ('bbbbbbbb-0000-0000-0000-000000000003', 10, 4, 10),
  ('bbbbbbbb-0000-0000-0000-000000000003', 11, 4, 11),
  ('bbbbbbbb-0000-0000-0000-000000000003', 12, 4, 12),
  ('bbbbbbbb-0000-0000-0000-000000000003', 13, 4, 13),
  ('bbbbbbbb-0000-0000-0000-000000000003', 14, 4, 14),
  ('bbbbbbbb-0000-0000-0000-000000000003', 15, 4, 15),
  ('bbbbbbbb-0000-0000-0000-000000000003', 16, 4, 16),
  ('bbbbbbbb-0000-0000-0000-000000000003', 17, 4, 17),
  ('bbbbbbbb-0000-0000-0000-000000000003', 18, 4, 18);

-- ROUNDS
INSERT INTO rounds (id, trip_id, course_id, round_number, status) VALUES
  ('cccccccc-0000-0000-0000-000000000001', 'aaaaaaaa-0000-0000-0000-000000000001', 'bbbbbbbb-0000-0000-0000-000000000001', 1, 'upcoming'),
  ('cccccccc-0000-0000-0000-000000000002', 'aaaaaaaa-0000-0000-0000-000000000001', 'bbbbbbbb-0000-0000-0000-000000000002', 2, 'upcoming'),
  ('cccccccc-0000-0000-0000-000000000003', 'aaaaaaaa-0000-0000-0000-000000000001', 'bbbbbbbb-0000-0000-0000-000000000003', 3, 'upcoming');

-- PLAYERS
INSERT INTO players (id, trip_id, name, role, handicap) VALUES
  ('dddddddd-0000-0000-0000-000000000001', 'aaaaaaaa-0000-0000-0000-000000000001', 'John',    'player', 10.0),
  ('dddddddd-0000-0000-0000-000000000002', 'aaaaaaaa-0000-0000-0000-000000000001', 'Aisling', 'player', 18.0),
  ('dddddddd-0000-0000-0000-000000000003', 'aaaaaaaa-0000-0000-0000-000000000001', 'Ross',    'player',  9.0),
  ('dddddddd-0000-0000-0000-000000000004', 'aaaaaaaa-0000-0000-0000-000000000001', 'Gillian', 'player', 24.0),
  ('dddddddd-0000-0000-0000-000000000005', 'aaaaaaaa-0000-0000-0000-000000000001', 'Paul',    'player', 12.0),
  ('dddddddd-0000-0000-0000-000000000006', 'aaaaaaaa-0000-0000-0000-000000000001', 'Sam',     'player', 15.0),
  ('dddddddd-0000-0000-0000-000000000007', 'aaaaaaaa-0000-0000-0000-000000000001', 'Peter',   'player', 18.0),
  ('dddddddd-0000-0000-0000-000000000008', 'aaaaaaaa-0000-0000-0000-000000000001', 'Liz',     'player', 22.0),
  ('dddddddd-0000-0000-0000-000000000009', 'aaaaaaaa-0000-0000-0000-000000000001', 'Dave',    'player',  3.0),
  ('dddddddd-0000-0000-0000-000000000010', 'aaaaaaaa-0000-0000-0000-000000000001', 'Martin',  'player', 14.0),
  ('dddddddd-0000-0000-0000-000000000011', 'aaaaaaaa-0000-0000-0000-000000000001', 'Eithne',  'player', 24.0),
  ('dddddddd-0000-0000-0000-000000000012', 'aaaaaaaa-0000-0000-0000-000000000001', 'Matt',    'player',  5.0);

-- ROUND HANDICAPS
INSERT INTO round_handicaps (round_id, player_id, playing_handicap) VALUES
  -- Round 1
  ('cccccccc-0000-0000-0000-000000000001', 'dddddddd-0000-0000-0000-000000000001', 10.0),
  ('cccccccc-0000-0000-0000-000000000001', 'dddddddd-0000-0000-0000-000000000002', 18.0),
  ('cccccccc-0000-0000-0000-000000000001', 'dddddddd-0000-0000-0000-000000000003',  9.0),
  ('cccccccc-0000-0000-0000-000000000001', 'dddddddd-0000-0000-0000-000000000004', 24.0),
  ('cccccccc-0000-0000-0000-000000000001', 'dddddddd-0000-0000-0000-000000000005', 12.0),
  ('cccccccc-0000-0000-0000-000000000001', 'dddddddd-0000-0000-0000-000000000006', 15.0),
  ('cccccccc-0000-0000-0000-000000000001', 'dddddddd-0000-0000-0000-000000000007', 18.0),
  ('cccccccc-0000-0000-0000-000000000001', 'dddddddd-0000-0000-0000-000000000008', 22.0),
  ('cccccccc-0000-0000-0000-000000000001', 'dddddddd-0000-0000-0000-000000000009',  3.0),
  ('cccccccc-0000-0000-0000-000000000001', 'dddddddd-0000-0000-0000-000000000010', 14.0),
  ('cccccccc-0000-0000-0000-000000000001', 'dddddddd-0000-0000-0000-000000000011', 24.0),
  ('cccccccc-0000-0000-0000-000000000001', 'dddddddd-0000-0000-0000-000000000012',  5.0),
  -- Round 2
  ('cccccccc-0000-0000-0000-000000000002', 'dddddddd-0000-0000-0000-000000000001', 10.0),
  ('cccccccc-0000-0000-0000-000000000002', 'dddddddd-0000-0000-0000-000000000002', 18.0),
  ('cccccccc-0000-0000-0000-000000000002', 'dddddddd-0000-0000-0000-000000000003',  9.0),
  ('cccccccc-0000-0000-0000-000000000002', 'dddddddd-0000-0000-0000-000000000004', 24.0),
  ('cccccccc-0000-0000-0000-000000000002', 'dddddddd-0000-0000-0000-000000000005', 12.0),
  ('cccccccc-0000-0000-0000-000000000002', 'dddddddd-0000-0000-0000-000000000006', 15.0),
  ('cccccccc-0000-0000-0000-000000000002', 'dddddddd-0000-0000-0000-000000000007', 18.0),
  ('cccccccc-0000-0000-0000-000000000002', 'dddddddd-0000-0000-0000-000000000008', 22.0),
  ('cccccccc-0000-0000-0000-000000000002', 'dddddddd-0000-0000-0000-000000000009',  3.0),
  ('cccccccc-0000-0000-0000-000000000002', 'dddddddd-0000-0000-0000-000000000010', 14.0),
  ('cccccccc-0000-0000-0000-000000000002', 'dddddddd-0000-0000-0000-000000000011', 24.0),
  ('cccccccc-0000-0000-0000-000000000002', 'dddddddd-0000-0000-0000-000000000012',  5.0),
  -- Round 3
  ('cccccccc-0000-0000-0000-000000000003', 'dddddddd-0000-0000-0000-000000000001', 10.0),
  ('cccccccc-0000-0000-0000-000000000003', 'dddddddd-0000-0000-0000-000000000002', 18.0),
  ('cccccccc-0000-0000-0000-000000000003', 'dddddddd-0000-0000-0000-000000000003',  9.0),
  ('cccccccc-0000-0000-0000-000000000003', 'dddddddd-0000-0000-0000-000000000004', 24.0),
  ('cccccccc-0000-0000-0000-000000000003', 'dddddddd-0000-0000-0000-000000000005', 12.0),
  ('cccccccc-0000-0000-0000-000000000003', 'dddddddd-0000-0000-0000-000000000006', 15.0),
  ('cccccccc-0000-0000-0000-000000000003', 'dddddddd-0000-0000-0000-000000000007', 18.0),
  ('cccccccc-0000-0000-0000-000000000003', 'dddddddd-0000-0000-0000-000000000008', 22.0),
  ('cccccccc-0000-0000-0000-000000000003', 'dddddddd-0000-0000-0000-000000000009',  3.0),
  ('cccccccc-0000-0000-0000-000000000003', 'dddddddd-0000-0000-0000-000000000010', 14.0),
  ('cccccccc-0000-0000-0000-000000000003', 'dddddddd-0000-0000-0000-000000000011', 24.0),
  ('cccccccc-0000-0000-0000-000000000003', 'dddddddd-0000-0000-0000-000000000012',  5.0);
